kernel_name,kernel_provider,kernel_operation_mode,metric_name,metric_unit,x_name,x_label,x_value,y_value_50,y_value_20,y_value_80,extra_benchmark_config_str,gpu_name,timestamp
diag_matmul,custom,forward,speed,ms,N,rows,128,0.0063680000603199005,0.006271999794989824,0.006496000103652477,"{""M"": 2048, ""dtype"": ""torch.float32""}",NVIDIA H100 PCIe,2025-07-21 10:43:37
diag_matmul,custom,forward,speed,ms,N,rows,256,0.007903999648988247,0.0077760000713169575,0.008063999935984612,"{""M"": 2048, ""dtype"": ""torch.float32""}",NVIDIA H100 PCIe,2025-07-21 10:43:37
diag_matmul,custom,forward,speed,ms,N,rows,512,0.01033599954098463,0.010015999898314476,0.010623999871313572,"{""M"": 2048, ""dtype"": ""torch.float32""}",NVIDIA H100 PCIe,2025-07-21 10:43:37
diag_matmul,custom,forward,speed,ms,N,rows,1024,0.015359999611973763,0.015039999969303608,0.015647999942302704,"{""M"": 2048, ""dtype"": ""torch.float32""}",NVIDIA H100 PCIe,2025-07-21 10:43:37
diag_matmul,custom,forward,speed,ms,N,rows,2048,0.02457600086927414,0.024383999407291412,0.024768000468611717,"{""M"": 2048, ""dtype"": ""torch.float32""}",NVIDIA H100 PCIe,2025-07-21 10:43:37
diag_matmul,custom,forward,speed,ms,N,rows,4096,0.04303999990224838,0.042688000947237015,0.04335999861359596,"{""M"": 2048, ""dtype"": ""torch.float32""}",NVIDIA H100 PCIe,2025-07-21 10:43:37
diag_matmul,torch,forward,speed,ms,N,rows,128,0.00687999976798892,0.006752000190317631,0.007040000054985285,"{""M"": 2048, ""dtype"": ""torch.float32""}",NVIDIA H100 PCIe,2025-07-21 10:43:40
diag_matmul,torch,forward,speed,ms,N,rows,256,0.009056000038981438,0.008767999708652496,0.009279999881982803,"{""M"": 2048, ""dtype"": ""torch.float32""}",NVIDIA H100 PCIe,2025-07-21 10:43:40
diag_matmul,torch,forward,speed,ms,N,rows,512,0.011327999643981457,0.011168000288307667,0.01152000017464161,"{""M"": 2048, ""dtype"": ""torch.float32""}",NVIDIA H100 PCIe,2025-07-21 10:43:40
diag_matmul,torch,forward,speed,ms,N,rows,1024,0.01679999940097332,0.01648000068962574,0.017055999487638474,"{""M"": 2048, ""dtype"": ""torch.float32""}",NVIDIA H100 PCIe,2025-07-21 10:43:40
diag_matmul,torch,forward,speed,ms,N,rows,2048,0.02755199931561947,0.02739199995994568,0.027775999158620834,"{""M"": 2048, ""dtype"": ""torch.float32""}",NVIDIA H100 PCIe,2025-07-21 10:43:40
diag_matmul,torch,forward,speed,ms,N,rows,4096,0.04960000142455101,0.04926719889044762,0.049855999648571014,"{""M"": 2048, ""dtype"": ""torch.float32""}",NVIDIA H100 PCIe,2025-07-21 10:43:40
diag_matmul,custom,full,speed,ms,N,rows,128,0.026559999212622643,0.02412799932062626,0.03411199897527695,"{""M"": 2048, ""dtype"": ""torch.float32""}",NVIDIA H100 PCIe,2025-07-21 10:43:44
diag_matmul,custom,full,speed,ms,N,rows,256,0.02675200067460537,0.024671999737620354,0.03315199911594391,"{""M"": 2048, ""dtype"": ""torch.float32""}",NVIDIA H100 PCIe,2025-07-21 10:43:44
diag_matmul,custom,full,speed,ms,N,rows,512,0.027583999559283257,0.02537599951028824,0.03376000002026558,"{""M"": 2048, ""dtype"": ""torch.float32""}",NVIDIA H100 PCIe,2025-07-21 10:43:44
diag_matmul,custom,full,speed,ms,N,rows,1024,0.03641600161790848,0.0360959991812706,0.03721600025892258,"{""M"": 2048, ""dtype"": ""torch.float32""}",NVIDIA H100 PCIe,2025-07-21 10:43:44
diag_matmul,custom,full,speed,ms,N,rows,2048,0.06659200042486191,0.06623999774456024,0.06694400310516357,"{""M"": 2048, ""dtype"": ""torch.float32""}",NVIDIA H100 PCIe,2025-07-21 10:43:44
diag_matmul,custom,full,speed,ms,N,rows,4096,0.12272000312805176,0.1223360002040863,0.1233920007944107,"{""M"": 2048, ""dtype"": ""torch.float32""}",NVIDIA H100 PCIe,2025-07-21 10:43:44
diag_matmul,torch,full,speed,ms,N,rows,128,0.023871999233961105,0.023552000522613525,0.024480000138282776,"{""M"": 2048, ""dtype"": ""torch.float32""}",NVIDIA H100 PCIe,2025-07-21 10:43:47
diag_matmul,torch,full,speed,ms,N,rows,256,0.028255999088287354,0.02739199995994568,0.028543999418616295,"{""M"": 2048, ""dtype"": ""torch.float32""}",NVIDIA H100 PCIe,2025-07-21 10:43:47
diag_matmul,torch,full,speed,ms,N,rows,512,0.03433600068092346,0.033535998314619064,0.03465599939227104,"{""M"": 2048, ""dtype"": ""torch.float32""}",NVIDIA H100 PCIe,2025-07-21 10:43:47
diag_matmul,torch,full,speed,ms,N,rows,1024,0.05020799860358238,0.04944000020623207,0.050592001527547836,"{""M"": 2048, ""dtype"": ""torch.float32""}",NVIDIA H100 PCIe,2025-07-21 10:43:47
diag_matmul,torch,full,speed,ms,N,rows,2048,0.09164799749851227,0.09094399958848953,0.09219200164079666,"{""M"": 2048, ""dtype"": ""torch.float32""}",NVIDIA H100 PCIe,2025-07-21 10:43:47
diag_matmul,torch,full,speed,ms,N,rows,4096,0.1719679981470108,0.1712000072002411,0.17292800545692444,"{""M"": 2048, ""dtype"": ""torch.float32""}",NVIDIA H100 PCIe,2025-07-21 10:43:47
diag_matmul,custom,backward,speed,ms,N,rows,128,0.013504000380635262,0.013183999806642532,0.013856000266969204,"{""M"": 2048, ""dtype"": ""torch.float32""}",NVIDIA H100 PCIe,2025-07-21 10:43:50
diag_matmul,custom,backward,speed,ms,N,rows,256,0.014976000413298607,0.014560000039637089,0.015584000386297703,"{""M"": 2048, ""dtype"": ""torch.float32""}",NVIDIA H100 PCIe,2025-07-21 10:43:50
diag_matmul,custom,backward,speed,ms,N,rows,512,0.017920000478625298,0.017472000792622566,0.018624000251293182,"{""M"": 2048, ""dtype"": ""torch.float32""}",NVIDIA H100 PCIe,2025-07-21 10:43:50
diag_matmul,custom,backward,speed,ms,N,rows,1024,0.027775999158620834,0.027295999228954315,0.028416000306606293,"{""M"": 2048, ""dtype"": ""torch.float32""}",NVIDIA H100 PCIe,2025-07-21 10:43:50
diag_matmul,custom,backward,speed,ms,N,rows,2048,0.04649600014090538,0.04601600021123886,0.04710400104522705,"{""M"": 2048, ""dtype"": ""torch.float32""}",NVIDIA H100 PCIe,2025-07-21 10:43:50
diag_matmul,custom,backward,speed,ms,N,rows,4096,0.08361600339412689,0.0830719992518425,0.08435200154781342,"{""M"": 2048, ""dtype"": ""torch.float32""}",NVIDIA H100 PCIe,2025-07-21 10:43:50
diag_matmul,torch,backward,speed,ms,N,rows,128,0.019807999953627586,0.019551999866962433,0.020031999796628952,"{""M"": 2048, ""dtype"": ""torch.float32""}",NVIDIA H100 PCIe,2025-07-21 10:43:53
diag_matmul,torch,backward,speed,ms,N,rows,256,0.021727999672293663,0.021503999829292297,0.021983999758958817,"{""M"": 2048, ""dtype"": ""torch.float32""}",NVIDIA H100 PCIe,2025-07-21 10:43:53
diag_matmul,torch,backward,speed,ms,N,rows,512,0.026496000587940216,0.026208000257611275,0.02675200067460537,"{""M"": 2048, ""dtype"": ""torch.float32""}",NVIDIA H100 PCIe,2025-07-21 10:43:53
diag_matmul,torch,backward,speed,ms,N,rows,1024,0.038015998899936676,0.037696000188589096,0.038336001336574554,"{""M"": 2048, ""dtype"": ""torch.float32""}",NVIDIA H100 PCIe,2025-07-21 10:43:53
diag_matmul,torch,backward,speed,ms,N,rows,2048,0.06828799843788147,0.0679360032081604,0.0687360018491745,"{""M"": 2048, ""dtype"": ""torch.float32""}",NVIDIA H100 PCIe,2025-07-21 10:43:53
diag_matmul,torch,backward,speed,ms,N,rows,4096,0.12601600587368011,0.12556800246238708,0.12652799487113953,"{""M"": 2048, ""dtype"": ""torch.float32""}",NVIDIA H100 PCIe,2025-07-21 10:43:53
diag_matmul,custom,forward,speed,ms,N,rows,128,0.006240000016987324,0.006111999973654747,0.006335999816656113,"{""M"": 2048, ""dtype"": ""torch.bfloat16""}",NVIDIA H100 PCIe,2025-07-21 10:43:56
diag_matmul,custom,forward,speed,ms,N,rows,256,0.00687999976798892,0.006752000190317631,0.006976000033318996,"{""M"": 2048, ""dtype"": ""torch.bfloat16""}",NVIDIA H100 PCIe,2025-07-21 10:43:56
diag_matmul,custom,forward,speed,ms,N,rows,512,0.0081599997356534,0.00800000037997961,0.008320000022649765,"{""M"": 2048, ""dtype"": ""torch.bfloat16""}",NVIDIA H100 PCIe,2025-07-21 10:43:56
diag_matmul,custom,forward,speed,ms,N,rows,1024,0.01119999960064888,0.010912000201642513,0.011487999930977821,"{""M"": 2048, ""dtype"": ""torch.bfloat16""}",NVIDIA H100 PCIe,2025-07-21 10:43:56
diag_matmul,custom,forward,speed,ms,N,rows,2048,0.015615999698638916,0.015424000099301338,0.015807999297976494,"{""M"": 2048, ""dtype"": ""torch.bfloat16""}",NVIDIA H100 PCIe,2025-07-21 10:43:56
diag_matmul,custom,forward,speed,ms,N,rows,4096,0.025536000728607178,0.02534399926662445,0.025760000571608543,"{""M"": 2048, ""dtype"": ""torch.bfloat16""}",NVIDIA H100 PCIe,2025-07-21 10:43:56
diag_matmul,torch,forward,speed,ms,N,rows,128,0.00800000037997961,0.007712000049650669,0.008287999778985977,"{""M"": 2048, ""dtype"": ""torch.bfloat16""}",NVIDIA H100 PCIe,2025-07-21 10:43:59
diag_matmul,torch,forward,speed,ms,N,rows,256,0.008576000109314919,0.008191999979317188,0.008767999708652496,"{""M"": 2048, ""dtype"": ""torch.bfloat16""}",NVIDIA H100 PCIe,2025-07-21 10:43:59
diag_matmul,torch,forward,speed,ms,N,rows,512,0.01104000024497509,0.010751999914646149,0.011296000331640244,"{""M"": 2048, ""dtype"": ""torch.bfloat16""}",NVIDIA H100 PCIe,2025-07-21 10:43:59
diag_matmul,torch,forward,speed,ms,N,rows,1024,0.014303999952971935,0.014015999622642994,0.014527999795973301,"{""M"": 2048, ""dtype"": ""torch.bfloat16""}",NVIDIA H100 PCIe,2025-07-21 10:43:59
diag_matmul,torch,forward,speed,ms,N,rows,2048,0.02099199965596199,0.02067199908196926,0.021215999498963356,"{""M"": 2048, ""dtype"": ""torch.bfloat16""}",NVIDIA H100 PCIe,2025-07-21 10:43:59
diag_matmul,torch,forward,speed,ms,N,rows,4096,0.03516799956560135,0.03500799834728241,0.035360001027584076,"{""M"": 2048, ""dtype"": ""torch.bfloat16""}",NVIDIA H100 PCIe,2025-07-21 10:43:59
diag_matmul,custom,full,speed,ms,N,rows,128,0.02627200074493885,0.024064000695943832,0.03347840160131455,"{""M"": 2048, ""dtype"": ""torch.bfloat16""}",NVIDIA H100 PCIe,2025-07-21 10:44:02
diag_matmul,custom,full,speed,ms,N,rows,256,0.027327999472618103,0.02505600079894066,0.034623999148607254,"{""M"": 2048, ""dtype"": ""torch.bfloat16""}",NVIDIA H100 PCIe,2025-07-21 10:44:02
diag_matmul,custom,full,speed,ms,N,rows,512,0.025919999927282333,0.02396799996495247,0.03272319957613948,"{""M"": 2048, ""dtype"": ""torch.bfloat16""}",NVIDIA H100 PCIe,2025-07-21 10:44:02
diag_matmul,custom,full,speed,ms,N,rows,1024,0.02876799926161766,0.028384000062942505,0.03388160094618798,"{""M"": 2048, ""dtype"": ""torch.bfloat16""}",NVIDIA H100 PCIe,2025-07-21 10:44:02
diag_matmul,custom,full,speed,ms,N,rows,2048,0.042208001017570496,0.04185599833726883,0.0427200011909008,"{""M"": 2048, ""dtype"": ""torch.bfloat16""}",NVIDIA H100 PCIe,2025-07-21 10:44:02
diag_matmul,custom,full,speed,ms,N,rows,4096,0.07497599720954895,0.07465600222349167,0.07529599964618683,"{""M"": 2048, ""dtype"": ""torch.bfloat16""}",NVIDIA H100 PCIe,2025-07-21 10:44:02
diag_matmul,torch,full,speed,ms,N,rows,128,0.02550400048494339,0.025248000398278236,0.025760000571608543,"{""M"": 2048, ""dtype"": ""torch.bfloat16""}",NVIDIA H100 PCIe,2025-07-21 10:44:05
diag_matmul,torch,full,speed,ms,N,rows,256,0.026944000273942947,0.02659199945628643,0.02751999907195568,"{""M"": 2048, ""dtype"": ""torch.bfloat16""}",NVIDIA H100 PCIe,2025-07-21 10:44:05
diag_matmul,torch,full,speed,ms,N,rows,512,0.03280000016093254,0.03187200054526329,0.03311999887228012,"{""M"": 2048, ""dtype"": ""torch.bfloat16""}",NVIDIA H100 PCIe,2025-07-21 10:44:05
diag_matmul,torch,full,speed,ms,N,rows,1024,0.04032000154256821,0.03948799893260002,0.040672000497579575,"{""M"": 2048, ""dtype"": ""torch.bfloat16""}",NVIDIA H100 PCIe,2025-07-21 10:44:05
diag_matmul,torch,full,speed,ms,N,rows,2048,0.05849599838256836,0.0575999990105629,0.058880001306533813,"{""M"": 2048, ""dtype"": ""torch.bfloat16""}",NVIDIA H100 PCIe,2025-07-21 10:44:05
diag_matmul,torch,full,speed,ms,N,rows,4096,0.10518400371074677,0.10441599786281586,0.10569600015878677,"{""M"": 2048, ""dtype"": ""torch.bfloat16""}",NVIDIA H100 PCIe,2025-07-21 10:44:05
diag_matmul,custom,backward,speed,ms,N,rows,128,0.013120000250637531,0.01283199992030859,0.013439999893307686,"{""M"": 2048, ""dtype"": ""torch.bfloat16""}",NVIDIA H100 PCIe,2025-07-21 10:44:08
diag_matmul,custom,backward,speed,ms,N,rows,256,0.013856000266969204,0.013535999692976475,0.014240000396966934,"{""M"": 2048, ""dtype"": ""torch.bfloat16""}",NVIDIA H100 PCIe,2025-07-21 10:44:08
diag_matmul,custom,backward,speed,ms,N,rows,512,0.01571200042963028,0.015296000055968761,0.016383999958634377,"{""M"": 2048, ""dtype"": ""torch.bfloat16""}",NVIDIA H100 PCIe,2025-07-21 10:44:08
diag_matmul,custom,backward,speed,ms,N,rows,1024,0.02239999920129776,0.021983999758958817,0.02300800010561943,"{""M"": 2048, ""dtype"": ""torch.bfloat16""}",NVIDIA H100 PCIe,2025-07-21 10:44:08
diag_matmul,custom,backward,speed,ms,N,rows,2048,0.03308799862861633,0.032607998698949814,0.03372799977660179,"{""M"": 2048, ""dtype"": ""torch.bfloat16""}",NVIDIA H100 PCIe,2025-07-21 10:44:08
diag_matmul,custom,backward,speed,ms,N,rows,4096,0.056832000613212585,0.05632000043988228,0.057440001517534256,"{""M"": 2048, ""dtype"": ""torch.bfloat16""}",NVIDIA H100 PCIe,2025-07-21 10:44:08
diag_matmul,torch,backward,speed,ms,N,rows,128,0.020160000771284103,0.01990400068461895,0.020447999238967896,"{""M"": 2048, ""dtype"": ""torch.bfloat16""}",NVIDIA H100 PCIe,2025-07-21 10:44:11
diag_matmul,torch,backward,speed,ms,N,rows,256,0.020608000457286835,0.02035200037062168,0.020959999412298203,"{""M"": 2048, ""dtype"": ""torch.bfloat16""}",NVIDIA H100 PCIe,2025-07-21 10:44:11
diag_matmul,torch,backward,speed,ms,N,rows,512,0.023744000121951103,0.02348800003528595,0.024064000695943832,"{""M"": 2048, ""dtype"": ""torch.bfloat16""}",NVIDIA H100 PCIe,2025-07-21 10:44:11
diag_matmul,torch,backward,speed,ms,N,rows,1024,0.031007999554276466,0.030751999467611313,0.031231999397277832,"{""M"": 2048, ""dtype"": ""torch.bfloat16""}",NVIDIA H100 PCIe,2025-07-21 10:44:11
diag_matmul,torch,backward,speed,ms,N,rows,2048,0.04134399816393852,0.04108799993991852,0.04163200035691261,"{""M"": 2048, ""dtype"": ""torch.bfloat16""}",NVIDIA H100 PCIe,2025-07-21 10:44:11
diag_matmul,torch,backward,speed,ms,N,rows,4096,0.07280000299215317,0.07241600006818771,0.0732479989528656,"{""M"": 2048, ""dtype"": ""torch.bfloat16""}",NVIDIA H100 PCIe,2025-07-21 10:44:11
diag_matmul,custom,full,memory,MB,N,rows,128,5.00146484375,5.00146484375,5.00146484375,"{""M"": 2048, ""dtype"": ""torch.float32""}",NVIDIA H100 PCIe,2025-07-21 10:44:11
diag_matmul,custom,full,memory,MB,N,rows,256,10.0029296875,10.0029296875,10.0029296875,"{""M"": 2048, ""dtype"": ""torch.float32""}",NVIDIA H100 PCIe,2025-07-21 10:44:11
diag_matmul,custom,full,memory,MB,N,rows,512,20.005859375,20.005859375,20.005859375,"{""M"": 2048, ""dtype"": ""torch.float32""}",NVIDIA H100 PCIe,2025-07-21 10:44:11
diag_matmul,custom,full,memory,MB,N,rows,1024,40.01171875,40.01171875,40.01171875,"{""M"": 2048, ""dtype"": ""torch.float32""}",NVIDIA H100 PCIe,2025-07-21 10:44:11
diag_matmul,custom,full,memory,MB,N,rows,2048,80.0234375,80.0234375,80.0234375,"{""M"": 2048, ""dtype"": ""torch.float32""}",NVIDIA H100 PCIe,2025-07-21 10:44:11
diag_matmul,custom,full,memory,MB,N,rows,4096,160.046875,160.046875,160.046875,"{""M"": 2048, ""dtype"": ""torch.float32""}",NVIDIA H100 PCIe,2025-07-21 10:44:11
diag_matmul,torch,full,memory,MB,N,rows,128,6.00146484375,6.00146484375,6.00146484375,"{""M"": 2048, ""dtype"": ""torch.float32""}",NVIDIA H100 PCIe,2025-07-21 10:44:11
diag_matmul,torch,full,memory,MB,N,rows,256,12.0029296875,12.0029296875,12.0029296875,"{""M"": 2048, ""dtype"": ""torch.float32""}",NVIDIA H100 PCIe,2025-07-21 10:44:11
diag_matmul,torch,full,memory,MB,N,rows,512,24.005859375,24.005859375,24.005859375,"{""M"": 2048, ""dtype"": ""torch.float32""}",NVIDIA H100 PCIe,2025-07-21 10:44:11
diag_matmul,torch,full,memory,MB,N,rows,1024,48.01171875,48.01171875,48.01171875,"{""M"": 2048, ""dtype"": ""torch.float32""}",NVIDIA H100 PCIe,2025-07-21 10:44:11
diag_matmul,torch,full,memory,MB,N,rows,2048,96.0234375,96.0234375,96.0234375,"{""M"": 2048, ""dtype"": ""torch.float32""}",NVIDIA H100 PCIe,2025-07-21 10:44:11
diag_matmul,torch,full,memory,MB,N,rows,4096,192.046875,192.046875,192.046875,"{""M"": 2048, ""dtype"": ""torch.float32""}",NVIDIA H100 PCIe,2025-07-21 10:44:11
diag_matmul,custom,full,memory,MB,N,rows,128,2.50146484375,2.50146484375,2.50146484375,"{""M"": 2048, ""dtype"": ""torch.bfloat16""}",NVIDIA H100 PCIe,2025-07-21 10:44:11
diag_matmul,custom,full,memory,MB,N,rows,256,5.00146484375,5.00146484375,5.00146484375,"{""M"": 2048, ""dtype"": ""torch.bfloat16""}",NVIDIA H100 PCIe,2025-07-21 10:44:11
diag_matmul,custom,full,memory,MB,N,rows,512,10.0029296875,10.0029296875,10.0029296875,"{""M"": 2048, ""dtype"": ""torch.bfloat16""}",NVIDIA H100 PCIe,2025-07-21 10:44:11
diag_matmul,custom,full,memory,MB,N,rows,1024,20.005859375,20.005859375,20.005859375,"{""M"": 2048, ""dtype"": ""torch.bfloat16""}",NVIDIA H100 PCIe,2025-07-21 10:44:11
diag_matmul,custom,full,memory,MB,N,rows,2048,40.01171875,40.01171875,40.01171875,"{""M"": 2048, ""dtype"": ""torch.bfloat16""}",NVIDIA H100 PCIe,2025-07-21 10:44:11
diag_matmul,custom,full,memory,MB,N,rows,4096,80.0234375,80.0234375,80.0234375,"{""M"": 2048, ""dtype"": ""torch.bfloat16""}",NVIDIA H100 PCIe,2025-07-21 10:44:11
diag_matmul,torch,full,memory,MB,N,rows,128,3.00146484375,3.00146484375,3.00146484375,"{""M"": 2048, ""dtype"": ""torch.bfloat16""}",NVIDIA H100 PCIe,2025-07-21 10:44:11
diag_matmul,torch,full,memory,MB,N,rows,256,6.00146484375,6.00146484375,6.00146484375,"{""M"": 2048, ""dtype"": ""torch.bfloat16""}",NVIDIA H100 PCIe,2025-07-21 10:44:11
diag_matmul,torch,full,memory,MB,N,rows,512,12.0029296875,12.0029296875,12.0029296875,"{""M"": 2048, ""dtype"": ""torch.bfloat16""}",NVIDIA H100 PCIe,2025-07-21 10:44:11
diag_matmul,torch,full,memory,MB,N,rows,1024,24.005859375,24.005859375,24.005859375,"{""M"": 2048, ""dtype"": ""torch.bfloat16""}",NVIDIA H100 PCIe,2025-07-21 10:44:11
diag_matmul,torch,full,memory,MB,N,rows,2048,48.01171875,48.01171875,48.01171875,"{""M"": 2048, ""dtype"": ""torch.bfloat16""}",NVIDIA H100 PCIe,2025-07-21 10:44:11
diag_matmul,torch,full,memory,MB,N,rows,4096,96.0234375,96.0234375,96.0234375,"{""M"": 2048, ""dtype"": ""torch.bfloat16""}",NVIDIA H100 PCIe,2025-07-21 10:44:11
layer_norm,custom,forward,speed,ms,N,hidden size,1024,0.030688000842928886,0.030432000756263733,0.031007999554276466,"{""M"": 4096, ""dtype"": ""torch.float32"", ""eps"": 1e-06}",NVIDIA H100 PCIe,2025-07-21 10:48:41
layer_norm,custom,forward,speed,ms,N,hidden size,2048,0.05379199981689453,0.05347200110554695,0.05411199852824211,"{""M"": 4096, ""dtype"": ""torch.float32"", ""eps"": 1e-06}",NVIDIA H100 PCIe,2025-07-21 10:48:41
layer_norm,custom,forward,speed,ms,N,hidden size,4096,0.09996800124645233,0.09955199807882309,0.10041599720716476,"{""M"": 4096, ""dtype"": ""torch.float32"", ""eps"": 1e-06}",NVIDIA H100 PCIe,2025-07-21 10:48:41
layer_norm,custom,forward,speed,ms,N,hidden size,8192,0.24726399779319763,0.2467840015888214,0.247871994972229,"{""M"": 4096, ""dtype"": ""torch.float32"", ""eps"": 1e-06}",NVIDIA H100 PCIe,2025-07-21 10:48:41
layer_norm,custom,forward,speed,ms,N,hidden size,16384,0.5248000025749207,0.523967981338501,0.5258560180664062,"{""M"": 4096, ""dtype"": ""torch.float32"", ""eps"": 1e-06}",NVIDIA H100 PCIe,2025-07-21 10:48:41
layer_norm,torch,forward,speed,ms,N,hidden size,1024,0.028960000723600388,0.028672000393271446,0.029279999434947968,"{""M"": 4096, ""dtype"": ""torch.float32"", ""eps"": 1e-06}",NVIDIA H100 PCIe,2025-07-21 10:48:43
layer_norm,torch,forward,speed,ms,N,hidden size,2048,0.04899200052022934,0.04867200180888176,0.04931199923157692,"{""M"": 4096, ""dtype"": ""torch.float32"", ""eps"": 1e-06}",NVIDIA H100 PCIe,2025-07-21 10:48:43
layer_norm,torch,forward,speed,ms,N,hidden size,4096,0.09839999675750732,0.09391999989748001,0.10147199779748917,"{""M"": 4096, ""dtype"": ""torch.float32"", ""eps"": 1e-06}",NVIDIA H100 PCIe,2025-07-21 10:48:43
layer_norm,torch,forward,speed,ms,N,hidden size,8192,0.220768004655838,0.21990400552749634,0.2218559980392456,"{""M"": 4096, ""dtype"": ""torch.float32"", ""eps"": 1e-06}",NVIDIA H100 PCIe,2025-07-21 10:48:43
layer_norm,torch,forward,speed,ms,N,hidden size,16384,0.4535999894142151,0.45245440602302556,0.45478400588035583,"{""M"": 4096, ""dtype"": ""torch.float32"", ""eps"": 1e-06}",NVIDIA H100 PCIe,2025-07-21 10:48:43
fused_linear_rowsum,custom,forward,speed,ms,input_dim,input dimension,512,0.03433600068092346,0.03347200155258179,0.035392001271247864,"{""batch_size"": 1024, ""output_dim"": 2048, ""dtype"": ""torch.float32"", ""bias"": true}",NVIDIA H100 PCIe,2025-07-21 14:13:34
fused_linear_rowsum,custom,forward,speed,ms,input_dim,input dimension,1024,0.04620800167322159,0.04531199857592583,0.047168001532554626,"{""batch_size"": 1024, ""output_dim"": 2048, ""dtype"": ""torch.float32"", ""bias"": true}",NVIDIA H100 PCIe,2025-07-21 14:13:34
fused_linear_rowsum,custom,forward,speed,ms,input_dim,input dimension,2048,0.04464000090956688,0.04371200129389763,0.04543999955058098,"{""batch_size"": 1024, ""output_dim"": 2048, ""dtype"": ""torch.float32"", ""bias"": true}",NVIDIA H100 PCIe,2025-07-21 14:13:34
fused_linear_rowsum,custom,forward,speed,ms,input_dim,input dimension,4096,0.061503998935222626,0.06063999980688095,0.0623680017888546,"{""batch_size"": 1024, ""output_dim"": 2048, ""dtype"": ""torch.float32"", ""bias"": true}",NVIDIA H100 PCIe,2025-07-21 14:13:34
fused_linear_rowsum,custom,forward,speed,ms,input_dim,input dimension,8192,0.09328000247478485,0.09222400188446045,0.09414400160312653,"{""batch_size"": 1024, ""output_dim"": 2048, ""dtype"": ""torch.float32"", ""bias"": true}",NVIDIA H100 PCIe,2025-07-21 14:13:34
fused_linear_rowsum,torch,forward,speed,ms,input_dim,input dimension,512,0.10259199887514114,0.10204800218343735,0.10371199995279312,"{""batch_size"": 1024, ""output_dim"": 2048, ""dtype"": ""torch.float32"", ""bias"": true}",NVIDIA H100 PCIe,2025-07-21 14:13:37
fused_linear_rowsum,torch,forward,speed,ms,input_dim,input dimension,1024,0.18240000307559967,0.18185600638389587,0.18355199694633484,"{""batch_size"": 1024, ""output_dim"": 2048, ""dtype"": ""torch.float32"", ""bias"": true}",NVIDIA H100 PCIe,2025-07-21 14:13:37
fused_linear_rowsum,torch,forward,speed,ms,input_dim,input dimension,2048,0.3431040048599243,0.3424447953701019,0.3441919982433319,"{""batch_size"": 1024, ""output_dim"": 2048, ""dtype"": ""torch.float32"", ""bias"": true}",NVIDIA H100 PCIe,2025-07-21 14:13:37
fused_linear_rowsum,torch,forward,speed,ms,input_dim,input dimension,4096,0.6675199866294861,0.6663359999656677,0.6686400175094604,"{""batch_size"": 1024, ""output_dim"": 2048, ""dtype"": ""torch.float32"", ""bias"": true}",NVIDIA H100 PCIe,2025-07-21 14:13:37
fused_linear_rowsum,torch,forward,speed,ms,input_dim,input dimension,8192,1.1556799411773682,1.1540800333023071,1.1570240259170532,"{""batch_size"": 1024, ""output_dim"": 2048, ""dtype"": ""torch.float32"", ""bias"": true}",NVIDIA H100 PCIe,2025-07-21 14:13:37
fused_linear_rowsum,custom,full,speed,ms,input_dim,input dimension,512,0.14840000122785568,0.13897599279880524,0.1644223928451538,"{""batch_size"": 1024, ""output_dim"": 2048, ""dtype"": ""torch.float32"", ""bias"": true}",NVIDIA H100 PCIe,2025-07-21 14:13:40
fused_linear_rowsum,custom,full,speed,ms,input_dim,input dimension,1024,0.13980799913406372,0.13516800105571747,0.15609599649906158,"{""batch_size"": 1024, ""output_dim"": 2048, ""dtype"": ""torch.float32"", ""bias"": true}",NVIDIA H100 PCIe,2025-07-21 14:13:40
fused_linear_rowsum,custom,full,speed,ms,input_dim,input dimension,2048,0.14108799397945404,0.1353600025177002,0.15779200196266174,"{""batch_size"": 1024, ""output_dim"": 2048, ""dtype"": ""torch.float32"", ""bias"": true}",NVIDIA H100 PCIe,2025-07-21 14:13:40
fused_linear_rowsum,custom,full,speed,ms,input_dim,input dimension,4096,0.18396799266338348,0.1833599954843521,0.18451200425624847,"{""batch_size"": 1024, ""output_dim"": 2048, ""dtype"": ""torch.float32"", ""bias"": true}",NVIDIA H100 PCIe,2025-07-21 14:13:40
fused_linear_rowsum,custom,full,speed,ms,input_dim,input dimension,8192,0.32598400115966797,0.3250240087509155,0.3270080089569092,"{""batch_size"": 1024, ""output_dim"": 2048, ""dtype"": ""torch.float32"", ""bias"": true}",NVIDIA H100 PCIe,2025-07-21 14:13:40
fused_linear_rowsum,torch,full,speed,ms,input_dim,input dimension,512,0.30585598945617676,0.3029632091522217,0.30723839402198794,"{""batch_size"": 1024, ""output_dim"": 2048, ""dtype"": ""torch.float32"", ""bias"": true}",NVIDIA H100 PCIe,2025-07-21 14:13:43
fused_linear_rowsum,torch,full,speed,ms,input_dim,input dimension,1024,0.5180479884147644,0.5172160267829895,0.5188608050346375,"{""batch_size"": 1024, ""output_dim"": 2048, ""dtype"": ""torch.float32"", ""bias"": true}",NVIDIA H100 PCIe,2025-07-21 14:13:43
fused_linear_rowsum,torch,full,speed,ms,input_dim,input dimension,2048,0.9558719992637634,0.9540159702301025,0.9576576113700868,"{""batch_size"": 1024, ""output_dim"": 2048, ""dtype"": ""torch.float32"", ""bias"": true}",NVIDIA H100 PCIe,2025-07-21 14:13:43
fused_linear_rowsum,torch,full,speed,ms,input_dim,input dimension,4096,1.8133759498596191,1.8097920417785645,1.819648027420044,"{""batch_size"": 1024, ""output_dim"": 2048, ""dtype"": ""torch.float32"", ""bias"": true}",NVIDIA H100 PCIe,2025-07-21 14:13:43
fused_linear_rowsum,torch,full,speed,ms,input_dim,input dimension,8192,3.223968029022217,3.2222271919250485,3.2257408142089843,"{""batch_size"": 1024, ""output_dim"": 2048, ""dtype"": ""torch.float32"", ""bias"": true}",NVIDIA H100 PCIe,2025-07-21 14:13:43
fused_linear_rowsum,custom,backward,speed,ms,input_dim,input dimension,512,0.05548800155520439,0.055135998874902725,0.05584000051021576,"{""batch_size"": 1024, ""output_dim"": 2048, ""dtype"": ""torch.float32"", ""bias"": true}",NVIDIA H100 PCIe,2025-07-21 14:13:46
fused_linear_rowsum,custom,backward,speed,ms,input_dim,input dimension,1024,0.06550399959087372,0.06515199691057205,0.0658240020275116,"{""batch_size"": 1024, ""output_dim"": 2048, ""dtype"": ""torch.float32"", ""bias"": true}",NVIDIA H100 PCIe,2025-07-21 14:13:46
fused_linear_rowsum,custom,backward,speed,ms,input_dim,input dimension,2048,0.08860799670219421,0.08825600147247314,0.08899199962615967,"{""batch_size"": 1024, ""output_dim"": 2048, ""dtype"": ""torch.float32"", ""bias"": true}",NVIDIA H100 PCIe,2025-07-21 14:13:46
fused_linear_rowsum,custom,backward,speed,ms,input_dim,input dimension,4096,0.13363200426101685,0.13318400084972382,0.13411200046539307,"{""batch_size"": 1024, ""output_dim"": 2048, ""dtype"": ""torch.float32"", ""bias"": true}",NVIDIA H100 PCIe,2025-07-21 14:13:46
fused_linear_rowsum,custom,backward,speed,ms,input_dim,input dimension,8192,0.24288000166416168,0.24223999679088593,0.24374400079250336,"{""batch_size"": 1024, ""output_dim"": 2048, ""dtype"": ""torch.float32"", ""bias"": true}",NVIDIA H100 PCIe,2025-07-21 14:13:46
fused_linear_rowsum,torch,backward,speed,ms,input_dim,input dimension,512,0.20982399582862854,0.2070399969816208,0.21084800362586975,"{""batch_size"": 1024, ""output_dim"": 2048, ""dtype"": ""torch.float32"", ""bias"": true}",NVIDIA H100 PCIe,2025-07-21 14:13:49
fused_linear_rowsum,torch,backward,speed,ms,input_dim,input dimension,1024,0.3343999981880188,0.3336640000343323,0.33529600501060486,"{""batch_size"": 1024, ""output_dim"": 2048, ""dtype"": ""torch.float32"", ""bias"": true}",NVIDIA H100 PCIe,2025-07-21 14:13:49
fused_linear_rowsum,torch,backward,speed,ms,input_dim,input dimension,2048,0.6133280098438263,0.6110015869140625,0.6148800253868103,"{""batch_size"": 1024, ""output_dim"": 2048, ""dtype"": ""torch.float32"", ""bias"": true}",NVIDIA H100 PCIe,2025-07-21 14:13:49
fused_linear_rowsum,torch,backward,speed,ms,input_dim,input dimension,4096,1.1481280326843262,1.1462719440460205,1.153439998626709,"{""batch_size"": 1024, ""output_dim"": 2048, ""dtype"": ""torch.float32"", ""bias"": true}",NVIDIA H100 PCIe,2025-07-21 14:13:49
fused_linear_rowsum,torch,backward,speed,ms,input_dim,input dimension,8192,2.077984094619751,2.0773119926452637,2.078847885131836,"{""batch_size"": 1024, ""output_dim"": 2048, ""dtype"": ""torch.float32"", ""bias"": true}",NVIDIA H100 PCIe,2025-07-21 14:13:49
fused_linear_rowsum,custom,forward,speed,ms,input_dim,input dimension,512,0.05430399999022484,0.053599998354911804,0.05503999814391136,"{""batch_size"": 1024, ""output_dim"": 2048, ""dtype"": ""torch.bfloat16"", ""bias"": true}",NVIDIA H100 PCIe,2025-07-21 14:13:52
fused_linear_rowsum,custom,forward,speed,ms,input_dim,input dimension,1024,0.07331199944019318,0.07251200079917908,0.07407999783754349,"{""batch_size"": 1024, ""output_dim"": 2048, ""dtype"": ""torch.bfloat16"", ""bias"": true}",NVIDIA H100 PCIe,2025-07-21 14:13:52
fused_linear_rowsum,custom,forward,speed,ms,input_dim,input dimension,2048,0.07260800153017044,0.07184000313282013,0.07321599870920181,"{""batch_size"": 1024, ""output_dim"": 2048, ""dtype"": ""torch.bfloat16"", ""bias"": true}",NVIDIA H100 PCIe,2025-07-21 14:13:52
fused_linear_rowsum,custom,forward,speed,ms,input_dim,input dimension,4096,0.10745599865913391,0.10652799904346466,0.10815999656915665,"{""batch_size"": 1024, ""output_dim"": 2048, ""dtype"": ""torch.bfloat16"", ""bias"": true}",NVIDIA H100 PCIe,2025-07-21 14:13:52
fused_linear_rowsum,custom,forward,speed,ms,input_dim,input dimension,8192,0.19315199553966522,0.1921280026435852,0.1939840018749237,"{""batch_size"": 1024, ""output_dim"": 2048, ""dtype"": ""torch.bfloat16"", ""bias"": true}",NVIDIA H100 PCIe,2025-07-21 14:13:52
fused_linear_rowsum,torch,forward,speed,ms,input_dim,input dimension,512,0.022048000246286392,0.02127999998629093,0.023264000192284584,"{""batch_size"": 1024, ""output_dim"": 2048, ""dtype"": ""torch.bfloat16"", ""bias"": true}",NVIDIA H100 PCIe,2025-07-21 14:13:55
fused_linear_rowsum,torch,forward,speed,ms,input_dim,input dimension,1024,0.02566399984061718,0.02502400055527687,0.026815999299287796,"{""batch_size"": 1024, ""output_dim"": 2048, ""dtype"": ""torch.bfloat16"", ""bias"": true}",NVIDIA H100 PCIe,2025-07-21 14:13:55
fused_linear_rowsum,torch,forward,speed,ms,input_dim,input dimension,2048,0.033535998314619064,0.03296000137925148,0.03455999866127968,"{""batch_size"": 1024, ""output_dim"": 2048, ""dtype"": ""torch.bfloat16"", ""bias"": true}",NVIDIA H100 PCIe,2025-07-21 14:13:55
fused_linear_rowsum,torch,forward,speed,ms,input_dim,input dimension,4096,0.05276799947023392,0.05212799832224846,0.05382400006055832,"{""batch_size"": 1024, ""output_dim"": 2048, ""dtype"": ""torch.bfloat16"", ""bias"": true}",NVIDIA H100 PCIe,2025-07-21 14:13:55
fused_linear_rowsum,torch,forward,speed,ms,input_dim,input dimension,8192,0.09001599997282028,0.08931200206279755,0.09100800007581711,"{""batch_size"": 1024, ""output_dim"": 2048, ""dtype"": ""torch.bfloat16"", ""bias"": true}",NVIDIA H100 PCIe,2025-07-21 14:13:55
fused_linear_rowsum,custom,full,speed,ms,input_dim,input dimension,512,0.24268800020217896,0.23497599363327026,0.258432000875473,"{""batch_size"": 1024, ""output_dim"": 2048, ""dtype"": ""torch.bfloat16"", ""bias"": true}",NVIDIA H100 PCIe,2025-07-21 14:13:58
fused_linear_rowsum,custom,full,speed,ms,input_dim,input dimension,1024,0.24422399699687958,0.2354688048362732,0.2597695946693421,"{""batch_size"": 1024, ""output_dim"": 2048, ""dtype"": ""torch.bfloat16"", ""bias"": true}",NVIDIA H100 PCIe,2025-07-21 14:13:58
fused_linear_rowsum,custom,full,speed,ms,input_dim,input dimension,2048,0.2378239929676056,0.23071999847888947,0.2538368046283722,"{""batch_size"": 1024, ""output_dim"": 2048, ""dtype"": ""torch.bfloat16"", ""bias"": true}",NVIDIA H100 PCIe,2025-07-21 14:13:58
fused_linear_rowsum,custom,full,speed,ms,input_dim,input dimension,4096,0.3025279939174652,0.3016191959381104,0.30342400074005127,"{""batch_size"": 1024, ""output_dim"": 2048, ""dtype"": ""torch.bfloat16"", ""bias"": true}",NVIDIA H100 PCIe,2025-07-21 14:13:58
fused_linear_rowsum,custom,full,speed,ms,input_dim,input dimension,8192,0.5876799821853638,0.5864959955215454,0.5887808084487915,"{""batch_size"": 1024, ""output_dim"": 2048, ""dtype"": ""torch.bfloat16"", ""bias"": true}",NVIDIA H100 PCIe,2025-07-21 14:13:58
fused_linear_rowsum,torch,full,speed,ms,input_dim,input dimension,512,0.1676959991455078,0.16389759778976443,0.18631040155887604,"{""batch_size"": 1024, ""output_dim"": 2048, ""dtype"": ""torch.bfloat16"", ""bias"": true}",NVIDIA H100 PCIe,2025-07-21 14:14:01
fused_linear_rowsum,torch,full,speed,ms,input_dim,input dimension,1024,0.1679999977350235,0.16438399255275726,0.1865919977426529,"{""batch_size"": 1024, ""output_dim"": 2048, ""dtype"": ""torch.bfloat16"", ""bias"": true}",NVIDIA H100 PCIe,2025-07-21 14:14:01
fused_linear_rowsum,torch,full,speed,ms,input_dim,input dimension,2048,0.16649599373340607,0.16257919669151305,0.18567040264606477,"{""batch_size"": 1024, ""output_dim"": 2048, ""dtype"": ""torch.bfloat16"", ""bias"": true}",NVIDIA H100 PCIe,2025-07-21 14:14:01
fused_linear_rowsum,torch,full,speed,ms,input_dim,input dimension,4096,0.17744000256061554,0.17641599476337433,0.18275199830532074,"{""batch_size"": 1024, ""output_dim"": 2048, ""dtype"": ""torch.bfloat16"", ""bias"": true}",NVIDIA H100 PCIe,2025-07-21 14:14:01
fused_linear_rowsum,torch,full,speed,ms,input_dim,input dimension,8192,0.30803200602531433,0.30720001459121704,0.3089280128479004,"{""batch_size"": 1024, ""output_dim"": 2048, ""dtype"": ""torch.bfloat16"", ""bias"": true}",NVIDIA H100 PCIe,2025-07-21 14:14:01
fused_linear_rowsum,custom,backward,speed,ms,input_dim,input dimension,512,0.09492800012230873,0.09145600348711014,0.1108096018433571,"{""batch_size"": 1024, ""output_dim"": 2048, ""dtype"": ""torch.bfloat16"", ""bias"": true}",NVIDIA H100 PCIe,2025-07-21 14:14:04
fused_linear_rowsum,custom,backward,speed,ms,input_dim,input dimension,1024,0.10262399911880493,0.10211200267076492,0.1032319962978363,"{""batch_size"": 1024, ""output_dim"": 2048, ""dtype"": ""torch.bfloat16"", ""bias"": true}",NVIDIA H100 PCIe,2025-07-21 14:14:04
fused_linear_rowsum,custom,backward,speed,ms,input_dim,input dimension,2048,0.13078400492668152,0.13020800054073334,0.13129599392414093,"{""batch_size"": 1024, ""output_dim"": 2048, ""dtype"": ""torch.bfloat16"", ""bias"": true}",NVIDIA H100 PCIe,2025-07-21 14:14:04
fused_linear_rowsum,custom,backward,speed,ms,input_dim,input dimension,4096,0.20057600736618042,0.20000000298023224,0.2011840045452118,"{""batch_size"": 1024, ""output_dim"": 2048, ""dtype"": ""torch.bfloat16"", ""bias"": true}",NVIDIA H100 PCIe,2025-07-21 14:14:04
fused_linear_rowsum,custom,backward,speed,ms,input_dim,input dimension,8192,0.3981119990348816,0.39721599221229553,0.39904001355171204,"{""batch_size"": 1024, ""output_dim"": 2048, ""dtype"": ""torch.bfloat16"", ""bias"": true}",NVIDIA H100 PCIe,2025-07-21 14:14:04
fused_linear_rowsum,torch,backward,speed,ms,input_dim,input dimension,512,0.052319999784231186,0.05196800082921982,0.052639998495578766,"{""batch_size"": 1024, ""output_dim"": 2048, ""dtype"": ""torch.bfloat16"", ""bias"": true}",NVIDIA H100 PCIe,2025-07-21 14:14:07
fused_linear_rowsum,torch,backward,speed,ms,input_dim,input dimension,1024,0.061664000153541565,0.06128000095486641,0.06201599910855293,"{""batch_size"": 1024, ""output_dim"": 2048, ""dtype"": ""torch.bfloat16"", ""bias"": true}",NVIDIA H100 PCIe,2025-07-21 14:14:07
fused_linear_rowsum,torch,backward,speed,ms,input_dim,input dimension,2048,0.08224000036716461,0.08185599744319916,0.08259200304746628,"{""batch_size"": 1024, ""output_dim"": 2048, ""dtype"": ""torch.bfloat16"", ""bias"": true}",NVIDIA H100 PCIe,2025-07-21 14:14:07
fused_linear_rowsum,torch,backward,speed,ms,input_dim,input dimension,4096,0.13023999333381653,0.12972800433635712,0.13078400492668152,"{""batch_size"": 1024, ""output_dim"": 2048, ""dtype"": ""torch.bfloat16"", ""bias"": true}",NVIDIA H100 PCIe,2025-07-21 14:14:07
fused_linear_rowsum,torch,backward,speed,ms,input_dim,input dimension,8192,0.22995199263095856,0.22940799593925476,0.23049600422382355,"{""batch_size"": 1024, ""output_dim"": 2048, ""dtype"": ""torch.bfloat16"", ""bias"": true}",NVIDIA H100 PCIe,2025-07-21 14:14:07
fused_linear_rowsum,custom,forward,speed,ms,input_dim,input dimension,512,0.03673600032925606,0.03625600039958954,0.03779200091958046,"{""batch_size"": 512, ""output_dim"": 4096, ""dtype"": ""torch.float32"", ""bias"": true}",NVIDIA H100 PCIe,2025-07-21 14:14:10
fused_linear_rowsum,custom,forward,speed,ms,input_dim,input dimension,1024,0.049375999718904495,0.04867200180888176,0.05020799860358238,"{""batch_size"": 512, ""output_dim"": 4096, ""dtype"": ""torch.float32"", ""bias"": true}",NVIDIA H100 PCIe,2025-07-21 14:14:10
fused_linear_rowsum,custom,forward,speed,ms,input_dim,input dimension,2048,0.05584000051021576,0.05500800162553787,0.05660799890756607,"{""batch_size"": 512, ""output_dim"": 4096, ""dtype"": ""torch.float32"", ""bias"": true}",NVIDIA H100 PCIe,2025-07-21 14:14:10
fused_linear_rowsum,custom,forward,speed,ms,input_dim,input dimension,4096,0.08224000036716461,0.081216000020504,0.08313599973917007,"{""batch_size"": 512, ""output_dim"": 4096, ""dtype"": ""torch.float32"", ""bias"": true}",NVIDIA H100 PCIe,2025-07-21 14:14:10
fused_linear_rowsum,custom,forward,speed,ms,input_dim,input dimension,8192,0.12003199756145477,0.11910399794578552,0.12092799693346024,"{""batch_size"": 512, ""output_dim"": 4096, ""dtype"": ""torch.float32"", ""bias"": true}",NVIDIA H100 PCIe,2025-07-21 14:14:10
fused_linear_rowsum,torch,forward,speed,ms,input_dim,input dimension,512,0.10684800148010254,0.10636799782514572,0.10796800255775452,"{""batch_size"": 512, ""output_dim"": 4096, ""dtype"": ""torch.float32"", ""bias"": true}",NVIDIA H100 PCIe,2025-07-21 14:14:13
fused_linear_rowsum,torch,forward,speed,ms,input_dim,input dimension,1024,0.18726399540901184,0.18671999871730804,0.1884479969739914,"{""batch_size"": 512, ""output_dim"": 4096, ""dtype"": ""torch.float32"", ""bias"": true}",NVIDIA H100 PCIe,2025-07-21 14:14:13
fused_linear_rowsum,torch,forward,speed,ms,input_dim,input dimension,2048,0.3492799997329712,0.3484480082988739,0.3503167986869812,"{""batch_size"": 512, ""output_dim"": 4096, ""dtype"": ""torch.float32"", ""bias"": true}",NVIDIA H100 PCIe,2025-07-21 14:14:13
fused_linear_rowsum,torch,forward,speed,ms,input_dim,input dimension,4096,0.6733440160751343,0.6722944021224975,0.6743999719619751,"{""batch_size"": 512, ""output_dim"": 4096, ""dtype"": ""torch.float32"", ""bias"": true}",NVIDIA H100 PCIe,2025-07-21 14:14:13
fused_linear_rowsum,torch,forward,speed,ms,input_dim,input dimension,8192,1.1692479848861694,1.1678208351135253,1.1713279485702515,"{""batch_size"": 512, ""output_dim"": 4096, ""dtype"": ""torch.float32"", ""bias"": true}",NVIDIA H100 PCIe,2025-07-21 14:14:13
fused_linear_rowsum,custom,full,speed,ms,input_dim,input dimension,512,0.13782399892807007,0.1335040032863617,0.1536960005760193,"{""batch_size"": 512, ""output_dim"": 4096, ""dtype"": ""torch.float32"", ""bias"": true}",NVIDIA H100 PCIe,2025-07-21 14:14:16
fused_linear_rowsum,custom,full,speed,ms,input_dim,input dimension,1024,0.13836799561977386,0.13320319652557372,0.1537535935640335,"{""batch_size"": 512, ""output_dim"": 4096, ""dtype"": ""torch.float32"", ""bias"": true}",NVIDIA H100 PCIe,2025-07-21 14:14:16
fused_linear_rowsum,custom,full,speed,ms,input_dim,input dimension,2048,0.1565759927034378,0.15593600273132324,0.15718400478363037,"{""batch_size"": 512, ""output_dim"": 4096, ""dtype"": ""torch.float32"", ""bias"": true}",NVIDIA H100 PCIe,2025-07-21 14:14:16
fused_linear_rowsum,custom,full,speed,ms,input_dim,input dimension,4096,0.2569600045681,0.25619199872016907,0.2576960027217865,"{""batch_size"": 512, ""output_dim"": 4096, ""dtype"": ""torch.float32"", ""bias"": true}",NVIDIA H100 PCIe,2025-07-21 14:14:16
fused_linear_rowsum,custom,full,speed,ms,input_dim,input dimension,8192,0.42153599858283997,0.4198080003261566,0.4230720102787018,"{""batch_size"": 512, ""output_dim"": 4096, ""dtype"": ""torch.float32"", ""bias"": true}",NVIDIA H100 PCIe,2025-07-21 14:14:16
fused_linear_rowsum,torch,full,speed,ms,input_dim,input dimension,512,0.30646398663520813,0.3037887990474701,0.30928000807762146,"{""batch_size"": 512, ""output_dim"": 4096, ""dtype"": ""torch.float32"", ""bias"": true}",NVIDIA H100 PCIe,2025-07-21 14:14:20
fused_linear_rowsum,torch,full,speed,ms,input_dim,input dimension,1024,0.5184959769248962,0.51669762134552,0.5212159752845764,"{""batch_size"": 512, ""output_dim"": 4096, ""dtype"": ""torch.float32"", ""bias"": true}",NVIDIA H100 PCIe,2025-07-21 14:14:20
fused_linear_rowsum,torch,full,speed,ms,input_dim,input dimension,2048,0.973471999168396,0.9709311842918396,1.0422144174575805,"{""batch_size"": 512, ""output_dim"": 4096, ""dtype"": ""torch.float32"", ""bias"": true}",NVIDIA H100 PCIe,2025-07-21 14:14:20
fused_linear_rowsum,torch,full,speed,ms,input_dim,input dimension,4096,1.772447943687439,1.7705471992492674,1.774284791946411,"{""batch_size"": 512, ""output_dim"": 4096, ""dtype"": ""torch.float32"", ""bias"": true}",NVIDIA H100 PCIe,2025-07-21 14:14:20
fused_linear_rowsum,torch,full,speed,ms,input_dim,input dimension,8192,3.264512062072754,3.2621696472167967,3.2668800354003906,"{""batch_size"": 512, ""output_dim"": 4096, ""dtype"": ""torch.float32"", ""bias"": true}",NVIDIA H100 PCIe,2025-07-21 14:14:20
fused_linear_rowsum,custom,backward,speed,ms,input_dim,input dimension,512,0.06601600348949432,0.06566400080919266,0.0663679987192154,"{""batch_size"": 512, ""output_dim"": 4096, ""dtype"": ""torch.float32"", ""bias"": true}",NVIDIA H100 PCIe,2025-07-21 14:14:23
fused_linear_rowsum,custom,backward,speed,ms,input_dim,input dimension,1024,0.081216000020504,0.08076799660921097,0.08188799768686295,"{""batch_size"": 512, ""output_dim"": 4096, ""dtype"": ""torch.float32"", ""bias"": true}",NVIDIA H100 PCIe,2025-07-21 14:14:23
fused_linear_rowsum,custom,backward,speed,ms,input_dim,input dimension,2048,0.11510399729013443,0.11475200206041336,0.1154559999704361,"{""batch_size"": 512, ""output_dim"": 4096, ""dtype"": ""torch.float32"", ""bias"": true}",NVIDIA H100 PCIe,2025-07-21 14:14:23
fused_linear_rowsum,custom,backward,speed,ms,input_dim,input dimension,4096,0.18454399704933167,0.1838528037071228,0.1852159947156906,"{""batch_size"": 512, ""output_dim"": 4096, ""dtype"": ""torch.float32"", ""bias"": true}",NVIDIA H100 PCIe,2025-07-21 14:14:23
fused_linear_rowsum,custom,backward,speed,ms,input_dim,input dimension,8192,0.31750398874282837,0.3161279857158661,0.3192000091075897,"{""batch_size"": 512, ""output_dim"": 4096, ""dtype"": ""torch.float32"", ""bias"": true}",NVIDIA H100 PCIe,2025-07-21 14:14:23
fused_linear_rowsum,torch,backward,speed,ms,input_dim,input dimension,512,0.20032000541687012,0.19865599274635315,0.20425599813461304,"{""batch_size"": 512, ""output_dim"": 4096, ""dtype"": ""torch.float32"", ""bias"": true}",NVIDIA H100 PCIe,2025-07-21 14:14:26
fused_linear_rowsum,torch,backward,speed,ms,input_dim,input dimension,1024,0.33081600069999695,0.32972800731658936,0.3319999873638153,"{""batch_size"": 512, ""output_dim"": 4096, ""dtype"": ""torch.float32"", ""bias"": true}",NVIDIA H100 PCIe,2025-07-21 14:14:26
fused_linear_rowsum,torch,backward,speed,ms,input_dim,input dimension,2048,0.6225919723510742,0.6208639740943909,0.6918784141540527,"{""batch_size"": 512, ""output_dim"": 4096, ""dtype"": ""torch.float32"", ""bias"": true}",NVIDIA H100 PCIe,2025-07-21 14:14:26
fused_linear_rowsum,torch,backward,speed,ms,input_dim,input dimension,4096,1.0996160507202148,1.0983104228973388,1.100857639312744,"{""batch_size"": 512, ""output_dim"": 4096, ""dtype"": ""torch.float32"", ""bias"": true}",NVIDIA H100 PCIe,2025-07-21 14:14:26
fused_linear_rowsum,torch,backward,speed,ms,input_dim,input dimension,8192,2.092639923095703,2.090406370162964,2.094931221008301,"{""batch_size"": 512, ""output_dim"": 4096, ""dtype"": ""torch.float32"", ""bias"": true}",NVIDIA H100 PCIe,2025-07-21 14:14:26
fused_linear_rowsum,custom,forward,speed,ms,input_dim,input dimension,512,0.03494400158524513,0.03455999866127968,0.03587200120091438,"{""batch_size"": 2048, ""output_dim"": 1024, ""dtype"": ""torch.float32"", ""bias"": true}",NVIDIA H100 PCIe,2025-07-21 14:14:29
fused_linear_rowsum,custom,forward,speed,ms,input_dim,input dimension,1024,0.03484800085425377,0.034143999218940735,0.03558399900794029,"{""batch_size"": 2048, ""output_dim"": 1024, ""dtype"": ""torch.float32"", ""bias"": true}",NVIDIA H100 PCIe,2025-07-21 14:14:29
fused_linear_rowsum,custom,forward,speed,ms,input_dim,input dimension,2048,0.04262400045990944,0.041919998824596405,0.043404798954725266,"{""batch_size"": 2048, ""output_dim"": 1024, ""dtype"": ""torch.float32"", ""bias"": true}",NVIDIA H100 PCIe,2025-07-21 14:14:29
fused_linear_rowsum,custom,forward,speed,ms,input_dim,input dimension,4096,0.0589120015501976,0.058111999183893204,0.05958399921655655,"{""batch_size"": 2048, ""output_dim"": 1024, ""dtype"": ""torch.float32"", ""bias"": true}",NVIDIA H100 PCIe,2025-07-21 14:14:29
fused_linear_rowsum,custom,forward,speed,ms,input_dim,input dimension,8192,0.08956799656152725,0.08886399865150452,0.09030400216579437,"{""batch_size"": 2048, ""output_dim"": 1024, ""dtype"": ""torch.float32"", ""bias"": true}",NVIDIA H100 PCIe,2025-07-21 14:14:29
fused_linear_rowsum,torch,forward,speed,ms,input_dim,input dimension,512,0.10067199915647507,0.10016000270843506,0.10179200023412704,"{""batch_size"": 2048, ""output_dim"": 1024, ""dtype"": ""torch.float32"", ""bias"": true}",NVIDIA H100 PCIe,2025-07-21 14:14:32
fused_linear_rowsum,torch,forward,speed,ms,input_dim,input dimension,1024,0.18080000579357147,0.18031999468803406,0.18201600015163422,"{""batch_size"": 2048, ""output_dim"": 1024, ""dtype"": ""torch.float32"", ""bias"": true}",NVIDIA H100 PCIe,2025-07-21 14:14:32
fused_linear_rowsum,torch,forward,speed,ms,input_dim,input dimension,2048,0.34384000301361084,0.34272000193595886,0.34508800506591797,"{""batch_size"": 2048, ""output_dim"": 1024, ""dtype"": ""torch.float32"", ""bias"": true}",NVIDIA H100 PCIe,2025-07-21 14:14:32
fused_linear_rowsum,torch,forward,speed,ms,input_dim,input dimension,4096,0.672544002532959,0.6712575912475586,0.6737279891967773,"{""batch_size"": 2048, ""output_dim"": 1024, ""dtype"": ""torch.float32"", ""bias"": true}",NVIDIA H100 PCIe,2025-07-21 14:14:32
fused_linear_rowsum,torch,forward,speed,ms,input_dim,input dimension,8192,1.0944160223007202,1.093075203895569,1.1004415512084962,"{""batch_size"": 2048, ""output_dim"": 1024, ""dtype"": ""torch.float32"", ""bias"": true}",NVIDIA H100 PCIe,2025-07-21 14:14:32
fused_linear_rowsum,custom,full,speed,ms,input_dim,input dimension,512,0.13926400244235992,0.13385599851608276,0.15870079696178435,"{""batch_size"": 2048, ""output_dim"": 1024, ""dtype"": ""torch.float32"", ""bias"": true}",NVIDIA H100 PCIe,2025-07-21 14:14:34
fused_linear_rowsum,custom,full,speed,ms,input_dim,input dimension,1024,0.20627200603485107,0.19871999323368073,0.22382080256938935,"{""batch_size"": 2048, ""output_dim"": 1024, ""dtype"": ""torch.float32"", ""bias"": true}",NVIDIA H100 PCIe,2025-07-21 14:14:34
fused_linear_rowsum,custom,full,speed,ms,input_dim,input dimension,2048,0.20364800095558167,0.1966720074415207,0.22153599560260773,"{""batch_size"": 2048, ""output_dim"": 1024, ""dtype"": ""torch.float32"", ""bias"": true}",NVIDIA H100 PCIe,2025-07-21 14:14:34
fused_linear_rowsum,custom,full,speed,ms,input_dim,input dimension,4096,0.20612800121307373,0.19916799664497375,0.22280960381031034,"{""batch_size"": 2048, ""output_dim"": 1024, ""dtype"": ""torch.float32"", ""bias"": true}",NVIDIA H100 PCIe,2025-07-21 14:14:34
fused_linear_rowsum,custom,full,speed,ms,input_dim,input dimension,8192,0.3431999981403351,0.342272013425827,0.3442560136318207,"{""batch_size"": 2048, ""output_dim"": 1024, ""dtype"": ""torch.float32"", ""bias"": true}",NVIDIA H100 PCIe,2025-07-21 14:14:34
fused_linear_rowsum,torch,full,speed,ms,input_dim,input dimension,512,0.30713599920272827,0.302592009305954,0.3089599907398224,"{""batch_size"": 2048, ""output_dim"": 1024, ""dtype"": ""torch.float32"", ""bias"": true}",NVIDIA H100 PCIe,2025-07-21 14:14:37
fused_linear_rowsum,torch,full,speed,ms,input_dim,input dimension,1024,0.5126239955425262,0.5118079781532288,0.5135679841041565,"{""batch_size"": 2048, ""output_dim"": 1024, ""dtype"": ""torch.float32"", ""bias"": true}",NVIDIA H100 PCIe,2025-07-21 14:14:37
fused_linear_rowsum,torch,full,speed,ms,input_dim,input dimension,2048,0.9465120136737823,0.9449599981307983,0.9492800235748291,"{""batch_size"": 2048, ""output_dim"": 1024, ""dtype"": ""torch.float32"", ""bias"": true}",NVIDIA H100 PCIe,2025-07-21 14:14:37
fused_linear_rowsum,torch,full,speed,ms,input_dim,input dimension,4096,1.8241119980812073,1.784812831878662,1.8845311641693114,"{""batch_size"": 2048, ""output_dim"": 1024, ""dtype"": ""torch.float32"", ""bias"": true}",NVIDIA H100 PCIe,2025-07-21 14:14:37
fused_linear_rowsum,torch,full,speed,ms,input_dim,input dimension,8192,3.11843204498291,3.109830331802368,3.1403839588165283,"{""batch_size"": 2048, ""output_dim"": 1024, ""dtype"": ""torch.float32"", ""bias"": true}",NVIDIA H100 PCIe,2025-07-21 14:14:37
fused_linear_rowsum,custom,backward,speed,ms,input_dim,input dimension,512,0.08975999802350998,0.08736000210046768,0.10560639947652817,"{""batch_size"": 2048, ""output_dim"": 1024, ""dtype"": ""torch.float32"", ""bias"": true}",NVIDIA H100 PCIe,2025-07-21 14:14:40
fused_linear_rowsum,custom,backward,speed,ms,input_dim,input dimension,1024,0.08649600297212601,0.08419200032949448,0.10239999741315842,"{""batch_size"": 2048, ""output_dim"": 1024, ""dtype"": ""torch.float32"", ""bias"": true}",NVIDIA H100 PCIe,2025-07-21 14:14:40
fused_linear_rowsum,custom,backward,speed,ms,input_dim,input dimension,2048,0.08972799777984619,0.08899199962615967,0.0992896005511284,"{""batch_size"": 2048, ""output_dim"": 1024, ""dtype"": ""torch.float32"", ""bias"": true}",NVIDIA H100 PCIe,2025-07-21 14:14:40
fused_linear_rowsum,custom,backward,speed,ms,input_dim,input dimension,4096,0.15087999403476715,0.15043200552463531,0.15142400562763214,"{""batch_size"": 2048, ""output_dim"": 1024, ""dtype"": ""torch.float32"", ""bias"": true}",NVIDIA H100 PCIe,2025-07-21 14:14:40
fused_linear_rowsum,custom,backward,speed,ms,input_dim,input dimension,8192,0.265855997800827,0.2653760015964508,0.26636800169944763,"{""batch_size"": 2048, ""output_dim"": 1024, ""dtype"": ""torch.float32"", ""bias"": true}",NVIDIA H100 PCIe,2025-07-21 14:14:40
fused_linear_rowsum,torch,backward,speed,ms,input_dim,input dimension,512,0.2141759991645813,0.2129664033651352,0.21503999829292297,"{""batch_size"": 2048, ""output_dim"": 1024, ""dtype"": ""torch.float32"", ""bias"": true}",NVIDIA H100 PCIe,2025-07-21 14:14:43
fused_linear_rowsum,torch,backward,speed,ms,input_dim,input dimension,1024,0.3333120048046112,0.33260801434516907,0.33430400490760803,"{""batch_size"": 2048, ""output_dim"": 1024, ""dtype"": ""torch.float32"", ""bias"": true}",NVIDIA H100 PCIe,2025-07-21 14:14:43
fused_linear_rowsum,torch,backward,speed,ms,input_dim,input dimension,2048,0.605184018611908,0.6045375823974609,0.6059520244598389,"{""batch_size"": 2048, ""output_dim"": 1024, ""dtype"": ""torch.float32"", ""bias"": true}",NVIDIA H100 PCIe,2025-07-21 14:14:43
fused_linear_rowsum,torch,backward,speed,ms,input_dim,input dimension,4096,1.1208959817886353,1.1194239854812622,1.1279295682907104,"{""batch_size"": 2048, ""output_dim"": 1024, ""dtype"": ""torch.float32"", ""bias"": true}",NVIDIA H100 PCIe,2025-07-21 14:14:43
fused_linear_rowsum,torch,backward,speed,ms,input_dim,input dimension,8192,2.028320074081421,2.0231167316436767,2.0420415878295897,"{""batch_size"": 2048, ""output_dim"": 1024, ""dtype"": ""torch.float32"", ""bias"": true}",NVIDIA H100 PCIe,2025-07-21 14:14:43
fused_linear_rowsum,custom,full,memory,MB,input_dim,input dimension,512,88.03564453125,88.03564453125,88.03564453125,"{""batch_size"": 1024, ""output_dim"": 2048, ""dtype"": ""torch.float32"", ""bias"": true}",NVIDIA H100 PCIe,2025-07-21 14:14:43
fused_linear_rowsum,custom,full,memory,MB,input_dim,input dimension,1024,112.03955078125,112.03955078125,112.03955078125,"{""batch_size"": 1024, ""output_dim"": 2048, ""dtype"": ""torch.float32"", ""bias"": true}",NVIDIA H100 PCIe,2025-07-21 14:14:43
fused_linear_rowsum,custom,full,memory,MB,input_dim,input dimension,2048,160.04736328125,160.04736328125,160.04736328125,"{""batch_size"": 1024, ""output_dim"": 2048, ""dtype"": ""torch.float32"", ""bias"": true}",NVIDIA H100 PCIe,2025-07-21 14:14:43
fused_linear_rowsum,custom,full,memory,MB,input_dim,input dimension,4096,256.06298828125,256.06298828125,256.06298828125,"{""batch_size"": 1024, ""output_dim"": 2048, ""dtype"": ""torch.float32"", ""bias"": true}",NVIDIA H100 PCIe,2025-07-21 14:14:43
fused_linear_rowsum,custom,full,memory,MB,input_dim,input dimension,8192,448.09423828125,448.09423828125,448.09423828125,"{""batch_size"": 1024, ""output_dim"": 2048, ""dtype"": ""torch.float32"", ""bias"": true}",NVIDIA H100 PCIe,2025-07-21 14:14:43
fused_linear_rowsum,torch,full,memory,MB,input_dim,input dimension,512,94.03125,94.03125,94.03125,"{""batch_size"": 1024, ""output_dim"": 2048, ""dtype"": ""torch.float32"", ""bias"": true}",NVIDIA H100 PCIe,2025-07-21 14:14:43
fused_linear_rowsum,torch,full,memory,MB,input_dim,input dimension,1024,116.03125,116.03125,116.03125,"{""batch_size"": 1024, ""output_dim"": 2048, ""dtype"": ""torch.float32"", ""bias"": true}",NVIDIA H100 PCIe,2025-07-21 14:14:43
fused_linear_rowsum,torch,full,memory,MB,input_dim,input dimension,2048,160.03125,160.03125,160.03125,"{""batch_size"": 1024, ""output_dim"": 2048, ""dtype"": ""torch.float32"", ""bias"": true}",NVIDIA H100 PCIe,2025-07-21 14:14:43
fused_linear_rowsum,torch,full,memory,MB,input_dim,input dimension,4096,248.03125,248.03125,248.03125,"{""batch_size"": 1024, ""output_dim"": 2048, ""dtype"": ""torch.float32"", ""bias"": true}",NVIDIA H100 PCIe,2025-07-21 14:14:43
fused_linear_rowsum,torch,full,memory,MB,input_dim,input dimension,8192,424.03125,424.03125,424.03125,"{""batch_size"": 1024, ""output_dim"": 2048, ""dtype"": ""torch.float32"", ""bias"": true}",NVIDIA H100 PCIe,2025-07-21 14:14:43
fused_linear_rowsum,custom,full,memory,MB,input_dim,input dimension,512,84.01806640625,84.01806640625,84.01806640625,"{""batch_size"": 1024, ""output_dim"": 2048, ""dtype"": ""torch.bfloat16"", ""bias"": true}",NVIDIA H100 PCIe,2025-07-21 14:14:44
fused_linear_rowsum,custom,full,memory,MB,input_dim,input dimension,1024,104.02001953125,104.02001953125,104.02001953125,"{""batch_size"": 1024, ""output_dim"": 2048, ""dtype"": ""torch.bfloat16"", ""bias"": true}",NVIDIA H100 PCIe,2025-07-21 14:14:44
fused_linear_rowsum,custom,full,memory,MB,input_dim,input dimension,2048,144.02392578125,144.02392578125,144.02392578125,"{""batch_size"": 1024, ""output_dim"": 2048, ""dtype"": ""torch.bfloat16"", ""bias"": true}",NVIDIA H100 PCIe,2025-07-21 14:14:44
fused_linear_rowsum,custom,full,memory,MB,input_dim,input dimension,4096,224.03173828125,224.03173828125,224.03173828125,"{""batch_size"": 1024, ""output_dim"": 2048, ""dtype"": ""torch.bfloat16"", ""bias"": true}",NVIDIA H100 PCIe,2025-07-21 14:14:44
fused_linear_rowsum,custom,full,memory,MB,input_dim,input dimension,8192,372.04736328125,372.04736328125,372.04736328125,"{""batch_size"": 1024, ""output_dim"": 2048, ""dtype"": ""torch.bfloat16"", ""bias"": true}",NVIDIA H100 PCIe,2025-07-21 14:14:44
fused_linear_rowsum,torch,full,memory,MB,input_dim,input dimension,512,79.015625,79.015625,79.015625,"{""batch_size"": 1024, ""output_dim"": 2048, ""dtype"": ""torch.bfloat16"", ""bias"": true}",NVIDIA H100 PCIe,2025-07-21 14:14:44
fused_linear_rowsum,torch,full,memory,MB,input_dim,input dimension,1024,90.015625,90.015625,90.015625,"{""batch_size"": 1024, ""output_dim"": 2048, ""dtype"": ""torch.bfloat16"", ""bias"": true}",NVIDIA H100 PCIe,2025-07-21 14:14:44
fused_linear_rowsum,torch,full,memory,MB,input_dim,input dimension,2048,112.015625,112.015625,112.015625,"{""batch_size"": 1024, ""output_dim"": 2048, ""dtype"": ""torch.bfloat16"", ""bias"": true}",NVIDIA H100 PCIe,2025-07-21 14:14:44
fused_linear_rowsum,torch,full,memory,MB,input_dim,input dimension,4096,156.015625,156.015625,156.015625,"{""batch_size"": 1024, ""output_dim"": 2048, ""dtype"": ""torch.bfloat16"", ""bias"": true}",NVIDIA H100 PCIe,2025-07-21 14:14:44
fused_linear_rowsum,torch,full,memory,MB,input_dim,input dimension,8192,244.015625,244.015625,244.015625,"{""batch_size"": 1024, ""output_dim"": 2048, ""dtype"": ""torch.bfloat16"", ""bias"": true}",NVIDIA H100 PCIe,2025-07-21 14:14:44
fused_linear_rowsum,custom,full,memory,MB,input_dim,input dimension,512,106.05322265625,106.05322265625,106.05322265625,"{""batch_size"": 512, ""output_dim"": 4096, ""dtype"": ""torch.float32"", ""bias"": true}",NVIDIA H100 PCIe,2025-07-21 14:14:45
fused_linear_rowsum,custom,full,memory,MB,input_dim,input dimension,1024,148.05517578125,148.05517578125,148.05517578125,"{""batch_size"": 512, ""output_dim"": 4096, ""dtype"": ""torch.float32"", ""bias"": true}",NVIDIA H100 PCIe,2025-07-21 14:14:45
fused_linear_rowsum,custom,full,memory,MB,input_dim,input dimension,2048,232.05908203125,232.05908203125,232.05908203125,"{""batch_size"": 512, ""output_dim"": 4096, ""dtype"": ""torch.float32"", ""bias"": true}",NVIDIA H100 PCIe,2025-07-21 14:14:45
fused_linear_rowsum,custom,full,memory,MB,input_dim,input dimension,4096,386.06689453125,386.06689453125,386.06689453125,"{""batch_size"": 512, ""output_dim"": 4096, ""dtype"": ""torch.float32"", ""bias"": true}",NVIDIA H100 PCIe,2025-07-21 14:14:45
fused_linear_rowsum,custom,full,memory,MB,input_dim,input dimension,8192,596.08251953125,596.08251953125,596.08251953125,"{""batch_size"": 512, ""output_dim"": 4096, ""dtype"": ""torch.float32"", ""bias"": true}",NVIDIA H100 PCIe,2025-07-21 14:14:45
fused_linear_rowsum,torch,full,memory,MB,input_dim,input dimension,512,107.05078125,107.05078125,107.05078125,"{""batch_size"": 512, ""output_dim"": 4096, ""dtype"": ""torch.float32"", ""bias"": true}",NVIDIA H100 PCIe,2025-07-21 14:14:46
fused_linear_rowsum,torch,full,memory,MB,input_dim,input dimension,1024,142.05078125,142.05078125,142.05078125,"{""batch_size"": 512, ""output_dim"": 4096, ""dtype"": ""torch.float32"", ""bias"": true}",NVIDIA H100 PCIe,2025-07-21 14:14:46
fused_linear_rowsum,torch,full,memory,MB,input_dim,input dimension,2048,212.05078125,212.05078125,212.05078125,"{""batch_size"": 512, ""output_dim"": 4096, ""dtype"": ""torch.float32"", ""bias"": true}",NVIDIA H100 PCIe,2025-07-21 14:14:46
fused_linear_rowsum,torch,full,memory,MB,input_dim,input dimension,4096,352.05078125,352.05078125,352.05078125,"{""batch_size"": 512, ""output_dim"": 4096, ""dtype"": ""torch.float32"", ""bias"": true}",NVIDIA H100 PCIe,2025-07-21 14:14:46
fused_linear_rowsum,torch,full,memory,MB,input_dim,input dimension,8192,632.05078125,632.05078125,632.05078125,"{""batch_size"": 512, ""output_dim"": 4096, ""dtype"": ""torch.float32"", ""bias"": true}",NVIDIA H100 PCIe,2025-07-21 14:14:46
fused_linear_rowsum,custom,full,memory,MB,input_dim,input dimension,512,94.03173828125,94.03173828125,94.03173828125,"{""batch_size"": 2048, ""output_dim"": 1024, ""dtype"": ""torch.float32"", ""bias"": true}",NVIDIA H100 PCIe,2025-07-21 14:14:46
fused_linear_rowsum,custom,full,memory,MB,input_dim,input dimension,1024,124.03564453125,124.03564453125,124.03564453125,"{""batch_size"": 2048, ""output_dim"": 1024, ""dtype"": ""torch.float32"", ""bias"": true}",NVIDIA H100 PCIe,2025-07-21 14:14:46
fused_linear_rowsum,custom,full,memory,MB,input_dim,input dimension,2048,184.04345703125,184.04345703125,184.04345703125,"{""batch_size"": 2048, ""output_dim"": 1024, ""dtype"": ""torch.float32"", ""bias"": true}",NVIDIA H100 PCIe,2025-07-21 14:14:46
fused_linear_rowsum,custom,full,memory,MB,input_dim,input dimension,4096,304.05908203125,304.05908203125,304.05908203125,"{""batch_size"": 2048, ""output_dim"": 1024, ""dtype"": ""torch.float32"", ""bias"": true}",NVIDIA H100 PCIe,2025-07-21 14:14:46
fused_linear_rowsum,custom,full,memory,MB,input_dim,input dimension,8192,532.09033203125,532.09033203125,532.09033203125,"{""batch_size"": 2048, ""output_dim"": 1024, ""dtype"": ""torch.float32"", ""bias"": true}",NVIDIA H100 PCIe,2025-07-21 14:14:46
fused_linear_rowsum,torch,full,memory,MB,input_dim,input dimension,512,92.02734375,92.02734375,92.02734375,"{""batch_size"": 2048, ""output_dim"": 1024, ""dtype"": ""torch.float32"", ""bias"": true}",NVIDIA H100 PCIe,2025-07-21 14:14:46
fused_linear_rowsum,torch,full,memory,MB,input_dim,input dimension,1024,112.02734375,112.02734375,112.02734375,"{""batch_size"": 2048, ""output_dim"": 1024, ""dtype"": ""torch.float32"", ""bias"": true}",NVIDIA H100 PCIe,2025-07-21 14:14:46
fused_linear_rowsum,torch,full,memory,MB,input_dim,input dimension,2048,152.02734375,152.02734375,152.02734375,"{""batch_size"": 2048, ""output_dim"": 1024, ""dtype"": ""torch.float32"", ""bias"": true}",NVIDIA H100 PCIe,2025-07-21 14:14:46
fused_linear_rowsum,torch,full,memory,MB,input_dim,input dimension,4096,232.02734375,232.02734375,232.02734375,"{""batch_size"": 2048, ""output_dim"": 1024, ""dtype"": ""torch.float32"", ""bias"": true}",NVIDIA H100 PCIe,2025-07-21 14:14:46
fused_linear_rowsum,torch,full,memory,MB,input_dim,input dimension,8192,392.02734375,392.02734375,392.02734375,"{""batch_size"": 2048, ""output_dim"": 1024, ""dtype"": ""torch.float32"", ""bias"": true}",NVIDIA H100 PCIe,2025-07-21 14:14:46
